{
    "model_name": "BS1-1",
    "parameters": {"K_sigma": 8.8426769220523802,
        "R_autc": 2.5192457145202907,
        "Xtot": 7.1922590850444328,
        "k2_n": 3308.3822109590278,
        "k_aut": 0.88215977475077034,
        "n_m": 0.93884147903128845,
        "p_tot": 19.486209861269678,
        "r_m": 0.021724763177498743,
        "sigma_e0": 0.14181356319650135,
        "v_cn": 44.789034723490637},
    "inputs": ["SaO2sup", "P_a", "Pa_CO2"],
    "targets": ["HbT", "HbD", "CCO", "TOI"],
    "debug": false
}