{
    "model_name": "BS1-1",
    "parameters": {
        "n_m": 1.0314753802806249,
        "r_m": 0.0198759367389298,
        "K_sigma": 11.795450243231695,
        "p_tot": 18.773858245373304,
        "k_aut": 1.3429190225934673,
        "v_cn": 36.317426444539045,
        "sigma_e0": 0.15956132841557796,
        "k2_n": 2671.0448603351042,
        "Xtot": 6.5189127633799586,
        "R_autc": 1.9328745947952413
    },
    "inputs": ["SaO2sup", "P_a", "Pa_CO2"],
    "targets": ["HbT", "HbD", "CCO", "TOI"],
    "debug": false
}