{
"0":{"Vol_mit": 0.084000,"O2_n": 0.021014,"r_0": 0.011849,"v_cn": 30.000000,"r_m": 0.020967},
"1":{"Vol_mit": 0.084000,"O2_n": 0.023886,"r_0": 0.011840,"v_cn": 30.237286,"r_m": 0.021326},
"2":{"Vol_mit": 0.084000,"O2_n": 0.020281,"r_0": 0.011847,"v_cn": 30.000000,"r_m": 0.020973},
"3":{"Vol_mit": 0.084000,"O2_n": 0.026622,"r_0": 0.011845,"v_cn": 30.000000,"r_m": 0.020989},
"4":{"Vol_mit": 0.083995,"O2_n": 0.027058,"r_0": 0.011838,"v_cn": 30.302424,"r_m": 0.021414},
"5":{"Vol_mit": 0.084000,"O2_n": 0.025712,"r_0": 0.011839,"v_cn": 30.000000,"r_m": 0.021038},
"6":{"Vol_mit": 0.084000,"O2_n": 0.024366,"r_0": 0.011795,"v_cn": 30.000000,"r_m": 0.021374},
"7":{"Vol_mit": 0.084000,"O2_n": 0.029131,"r_0": 0.011830,"v_cn": 30.000000,"r_m": 0.021113},
"8":{"Vol_mit": 0.084000,"O2_n": 0.025597,"r_0": 0.011811,"v_cn": 30.000000,"r_m": 0.021230},
"9":{"Vol_mit": 0.084000,"O2_n": 0.018280,"r_0": 0.011839,"v_cn": 30.000000,"r_m": 0.021041},
"10":{"Vol_mit": 0.079326,"O2_n": 0.025558,"r_0": 0.011743,"v_cn": 30.130551,"r_m": 0.022766}}