{
"0":{"Vol_mit": 0.090000,"r_t": 0.016876,"r_m": 0.033255,"r_0": 0.012068,"cytox_tot_tis": 0.006243},
"1":{"Vol_mit": 0.090000,"r_t": 0.016935,"r_m": 0.032750,"r_0": 0.012079,"cytox_tot_tis": 0.006280},
"2":{"Vol_mit": 0.090000,"r_t": 0.016838,"r_m": 0.033645,"r_0": 0.012055,"cytox_tot_tis": 0.006228},
"3":{"Vol_mit": 0.090000,"r_t": 0.016971,"r_m": 0.032115,"r_0": 0.012108,"cytox_tot_tis": 0.006313},
"4":{"Vol_mit": 0.090000,"r_t": 0.016879,"r_m": 0.033190,"r_0": 0.012072,"cytox_tot_tis": 0.006242},
