{
"0":{"Vol_mit": 0.090000,"r_t": 0.016876,"r_m": 0.033255,"r_0": 0.012068,"cytox_tot_tis": 0.006243},
"1":{"Vol_mit": 0.090000,"r_t": 0.016935,"r_m": 0.032750,"r_0": 0.012079,"cytox_tot_tis": 0.006280},
"2":{"Vol_mit": 0.090000,"r_t": 0.016838,"r_m": 0.033645,"r_0": 0.012055,"cytox_tot_tis": 0.006228},
"3":{"Vol_mit": 0.090000,"r_t": 0.016971,"r_m": 0.032115,"r_0": 0.012108,"cytox_tot_tis": 0.006313},
"4":{"Vol_mit": 0.090000,"r_t": 0.016879,"r_m": 0.033190,"r_0": 0.012072,"cytox_tot_tis": 0.006242},
"5":{"Vol_mit": 0.090000,"r_t": 0.016808,"r_m": 0.033906,"r_0": 0.012053,"cytox_tot_tis": 0.006229},
"6":{"Vol_mit": 0.090000,"r_t": 0.016787,"r_m": 0.034043,"r_0": 0.012051,"cytox_tot_tis": 0.006241},
"7":{"Vol_mit": 0.090000,"r_t": 0.016846,"r_m": 0.033507,"r_0": 0.012062,"cytox_tot_tis": 0.006215},
"8":{"Vol_mit": 0.090000,"r_t": 0.016907,"r_m": 0.033209,"r_0": 0.012059,"cytox_tot_tis": 0.006247},
"9":{"Vol_mit": 0.090000,"r_t": 0.016888,"r_m": 0.033261,"r_0": 0.012064,"cytox_tot_tis": 0.006238},
"10":{"Vol_mit": 0.090000,"r_t": 0.016820,"r_m": 0.033837,"r_0": 0.012053,"cytox_tot_tis": 0.006245},
"11":{"Vol_mit": 0.090000,"r_t": 0.016871,"r_m": 0.033239,"r_0": 0.012068,"cytox_tot_tis": 0.006242},
"12":{"Vol_mit": 0.090000,"r_t": 0.016863,"r_m": 0.033398,"r_0": 0.012065,"cytox_tot_tis": 0.006245},
"13":{"Vol_mit": 0.090000,"r_t": 0.016792,"r_m": 0.034133,"r_0": 0.012046,"cytox_tot_tis": 0.006219},
"14":{"Vol_mit": 0.090000,"r_t": 0.016942,"r_m": 0.032480,"r_0": 0.012091,"cytox_tot_tis": 0.006277},
"15":{"Vol_mit": 0.090000,"r_t": 0.016823,"r_m": 0.033726,"r_0": 0.012056,"cytox_tot_tis": 0.006245},
"16":{"Vol_mit": 0.090000,"r_t": 0.016932,"r_m": 0.032867,"r_0": 0.012077,"cytox_tot_tis": 0.006253},
"17":{"Vol_mit": 0.090000,"r_t": 0.016832,"r_m": 0.033892,"r_0": 0.012046,"cytox_tot_tis": 0.006219},
"18":{"Vol_mit": 0.090000,"r_t": 0.016819,"r_m": 0.033861,"r_0": 0.012054,"cytox_tot_tis": 0.006195},
"19":{"Vol_mit": 0.090000,"r_t": 0.016855,"r_m": 0.033406,"r_0": 0.012066,"cytox_tot_tis": 0.006246},
"20":{"Vol_mit": 0.090000,"r_t": 0.016821,"r_m": 0.033806,"r_0": 0.012052,"cytox_tot_tis": 0.006239},
"21":{"Vol_mit": 0.090000,"r_t": 0.016861,"r_m": 0.033351,"r_0": 0.012071,"cytox_tot_tis": 0.006221},
"22":{"Vol_mit": 0.090000,"r_t": 0.016880,"r_m": 0.033199,"r_0": 0.012072,"cytox_tot_tis": 0.006244},
"23":{"Vol_mit": 0.090000,"r_t": 0.016794,"r_m": 0.034110,"r_0": 0.012047,"cytox_tot_tis": 0.006214},
"24":{"Vol_mit": 0.090000,"r_t": 0.016748,"r_m": 0.034851,"r_0": 0.012023,"cytox_tot_tis": 0.006183},
"25":{"Vol_mit": 0.090000,"r_t": 0.016933,"r_m": 0.032542,"r_0": 0.012089,"cytox_tot_tis": 0.006279},
"26":{"Vol_mit": 0.090000,"r_t": 0.016845,"r_m": 0.033586,"r_0": 0.012061,"cytox_tot_tis": 0.006230},
"27":{"Vol_mit": 0.090000,"r_t": 0.016803,"r_m": 0.034042,"r_0": 0.012047,"cytox_tot_tis": 0.006229},
"28":{"Vol_mit": 0.090000,"r_t": 0.016896,"r_m": 0.033138,"r_0": 0.012065,"cytox_tot_tis": 0.006226},
"29":{"Vol_mit": 0.090000,"r_t": 0.016793,"r_m": 0.034055,"r_0": 0.012050,"cytox_tot_tis": 0.006228},
"30":{"Vol_mit": 0.090000,"r_t": 0.016776,"r_m": 0.034260,"r_0": 0.012044,"cytox_tot_tis": 0.006215},
"31":{"Vol_mit": 0.090000,"r_t": 0.016791,"r_m": 0.034159,"r_0": 0.012045,"cytox_tot_tis": 0.006219},
"32":{"Vol_mit": 0.090000,"r_t": 0.016779,"r_m": 0.034214,"r_0": 0.012045,"cytox_tot_tis": 0.006222},
"33":{"Vol_mit": 0.090000,"r_t": 0.016793,"r_m": 0.034032,"r_0": 0.012051,"cytox_tot_tis": 0.006222},
"34":{"Vol_mit": 0.090000,"r_t": 0.016808,"r_m": 0.033973,"r_0": 0.012048,"cytox_tot_tis": 0.006217},
"35":{"Vol_mit": 0.090000,"r_t": 0.016940,"r_m": 0.032748,"r_0": 0.012078,"cytox_tot_tis": 0.006255},
"36":{"Vol_mit": 0.090000,"r_t": 0.016795,"r_m": 0.034163,"r_0": 0.012046,"cytox_tot_tis": 0.006191},
"37":{"Vol_mit": 0.090000,"r_t": 0.016803,"r_m": 0.033964,"r_0": 0.012052,"cytox_tot_tis": 0.006227},
"38":{"Vol_mit": 0.090000,"r_t": 0.016908,"r_m": 0.032908,"r_0": 0.012081,"cytox_tot_tis": 0.006237},
"39":{"Vol_mit": 0.089989,"r_t": 0.016807,"r_m": 0.033923,"r_0": 0.012052,"cytox_tot_tis": 0.006239},
"40":{"Vol_mit": 0.090000,"r_t": 0.016808,"r_m": 0.033877,"r_0": 0.012054,"cytox_tot_tis": 0.006239},
"41":{"Vol_mit": 0.090000,"r_t": 0.016799,"r_m": 0.033976,"r_0": 0.012052,"cytox_tot_tis": 0.006231},
"42":{"Vol_mit": 0.089993,"r_t": 0.016901,"r_m": 0.033076,"r_0": 0.012071,"cytox_tot_tis": 0.006261},
"43":{"Vol_mit": 0.090000,"r_t": 0.016923,"r_m": 0.032725,"r_0": 0.012086,"cytox_tot_tis": 0.006266},
"44":{"Vol_mit": 0.090000,"r_t": 0.016812,"r_m": 0.033871,"r_0": 0.012054,"cytox_tot_tis": 0.006230},
"45":{"Vol_mit": 0.090000,"r_t": 0.016918,"r_m": 0.032846,"r_0": 0.012081,"cytox_tot_tis": 0.006235},
"46":{"Vol_mit": 0.090000,"r_t": 0.016898,"r_m": 0.033235,"r_0": 0.012067,"cytox_tot_tis": 0.006207},
"47":{"Vol_mit": 0.090000,"r_t": 0.016839,"r_m": 0.033752,"r_0": 0.012053,"cytox_tot_tis": 0.006239},
"48":{"Vol_mit": 0.090000,"r_t": 0.016882,"r_m": 0.033152,"r_0": 0.012074,"cytox_tot_tis": 0.006243},
"49":{"Vol_mit": 0.090000,"r_t": 0.016948,"r_m": 0.032469,"r_0": 0.012095,"cytox_tot_tis": 0.006279},
"50":{"Vol_mit": 0.090000,"r_t": 0.016830,"r_m": 0.033681,"r_0": 0.012051,"cytox_tot_tis": 0.006236}}