{"0":{"Vol_mit":0.09,"cytox_tot_tis":0.006243,"r_0":0.012068,"r_m":0.033255,"r_t":0.016876,"Distance":156.662655},"1":{"Vol_mit":0.09,"cytox_tot_tis":0.00628,"r_0":0.012079,"r_m":0.03275,"r_t":0.016935,"Distance":156.728802},"2":{"Vol_mit":0.09,"cytox_tot_tis":0.006228,"r_0":0.012055,"r_m":0.033645,"r_t":0.016838,"Distance":156.613265},"3":{"Vol_mit":0.09,"cytox_tot_tis":0.006313,"r_0":0.012108,"r_m":0.032115,"r_t":0.016971,"Distance":156.846427},"4":{"Vol_mit":0.09,"cytox_tot_tis":0.006242,"r_0":0.012072,"r_m":0.03319,"r_t":0.016879,"Distance":156.675693},"5":{"Vol_mit":0.09,"cytox_tot_tis":0.006229,"r_0":0.012053,"r_m":0.033906,"r_t":0.016808,"Distance":156.59476},"6":{"Vol_mit":0.09,"cytox_tot_tis":0.006241,"r_0":0.012051,"r_m":0.034043,"r_t":0.016787,"Distance":156.583048},"7":{"Vol_mit":0.09,"cytox_tot_tis":0.006215,"r_0":0.012062,"r_m":0.033507,"r_t":0.016846,"Distance":156.63475},"8":{"Vol_mit":0.09,"cytox_tot_tis":0.006247,"r_0":0.012059,"r_m":0.033209,"r_t":0.016907,"Distance":156.660376},"9":{"Vol_mit":0.09,"cytox_tot_tis":0.006238,"r_0":0.012064,"r_m":0.033261,"r_t":0.016888,"Distance":156.658873},"10":{"Vol_mit":0.09,"cytox_tot_tis":0.006245,"r_0":0.012053,"r_m":0.033837,"r_t":0.01682,"Distance":156.596415},"11":{"Vol_mit":0.09,"cytox_tot_tis":0.006242,"r_0":0.012068,"r_m":0.033239,"r_t":0.016871,"Distance":156.664568},"12":{"Vol_mit":0.09,"cytox_tot_tis":0.006245,"r_0":0.012065,"r_m":0.033398,"r_t":0.016863,"Distance":156.648651},"13":{"Vol_mit":0.09,"cytox_tot_tis":0.006219,"r_0":0.012046,"r_m":0.034133,"r_t":0.016792,"Distance":156.56958},"14":{"Vol_mit":0.09,"cytox_tot_tis":0.006277,"r_0":0.012091,"r_m":0.03248,"r_t":0.016942,"Distance":156.773592},"15":{"Vol_mit":0.09,"cytox_tot_tis":0.006245,"r_0":0.012056,"r_m":0.033726,"r_t":0.016823,"Distance":156.608837},"16":{"Vol_mit":0.09,"cytox_tot_tis":0.006253,"r_0":0.012077,"r_m":0.032867,"r_t":0.016932,"Distance":156.719225},"17":{"Vol_mit":0.09,"cytox_tot_tis":0.006219,"r_0":0.012046,"r_m":0.033892,"r_t":0.016832,"Distance":156.583963},"18":{"Vol_mit":0.09,"cytox_tot_tis":0.006195,"r_0":0.012054,"r_m":0.033861,"r_t":0.016819,"Distance":156.599},"19":{"Vol_mit":0.09,"cytox_tot_tis":0.006246,"r_0":0.012066,"r_m":0.033406,"r_t":0.016855,"Distance":156.648995},"20":{"Vol_mit":0.09,"cytox_tot_tis":0.006239,"r_0":0.012052,"r_m":0.033806,"r_t":0.016821,"Distance":156.596904},"21":{"Vol_mit":0.09,"cytox_tot_tis":0.006221,"r_0":0.012071,"r_m":0.033351,"r_t":0.016861,"Distance":156.664972},"22":{"Vol_mit":0.09,"cytox_tot_tis":0.006244,"r_0":0.012072,"r_m":0.033199,"r_t":0.01688,"Distance":156.677007},"23":{"Vol_mit":0.09,"cytox_tot_tis":0.006214,"r_0":0.012047,"r_m":0.03411,"r_t":0.016794,"Distance":156.573118},"24":{"Vol_mit":0.09,"cytox_tot_tis":0.006183,"r_0":0.012023,"r_m":0.034851,"r_t":0.016748,"Distance":156.501922},"25":{"Vol_mit":0.09,"cytox_tot_tis":0.006279,"r_0":0.012089,"r_m":0.032542,"r_t":0.016933,"Distance":156.76316},"26":{"Vol_mit":0.09,"cytox_tot_tis":0.00623,"r_0":0.012061,"r_m":0.033586,"r_t":0.016845,"Distance":156.628554},"27":{"Vol_mit":0.09,"cytox_tot_tis":0.006229,"r_0":0.012047,"r_m":0.034042,"r_t":0.016803,"Distance":156.575874},"28":{"Vol_mit":0.09,"cytox_tot_tis":0.006226,"r_0":0.012065,"r_m":0.033138,"r_t":0.016896,"Distance":156.673472},"29":{"Vol_mit":0.09,"cytox_tot_tis":0.006228,"r_0":0.01205,"r_m":0.034055,"r_t":0.016793,"Distance":156.57983},"30":{"Vol_mit":0.09,"cytox_tot_tis":0.006215,"r_0":0.012044,"r_m":0.03426,"r_t":0.016776,"Distance":156.559863},"31":{"Vol_mit":0.09,"cytox_tot_tis":0.006219,"r_0":0.012045,"r_m":0.034159,"r_t":0.016791,"Distance":156.56577},"32":{"Vol_mit":0.09,"cytox_tot_tis":0.006222,"r_0":0.012045,"r_m":0.034214,"r_t":0.016779,"Distance":156.563747},"33":{"Vol_mit":0.09,"cytox_tot_tis":0.006222,"r_0":0.012051,"r_m":0.034032,"r_t":0.016793,"Distance":156.584139},"34":{"Vol_mit":0.09,"cytox_tot_tis":0.006217,"r_0":0.012048,"r_m":0.033973,"r_t":0.016808,"Distance":156.581481},"35":{"Vol_mit":0.09,"cytox_tot_tis":0.006255,"r_0":0.012078,"r_m":0.032748,"r_t":0.01694,"Distance":156.729761},"36":{"Vol_mit":0.09,"cytox_tot_tis":0.006191,"r_0":0.012046,"r_m":0.034163,"r_t":0.016795,"Distance":156.568991},"37":{"Vol_mit":0.09,"cytox_tot_tis":0.006227,"r_0":0.012052,"r_m":0.033964,"r_t":0.016803,"Distance":156.58889},"38":{"Vol_mit":0.09,"cytox_tot_tis":0.006237,"r_0":0.012081,"r_m":0.032908,"r_t":0.016908,"Distance":156.716597},"39":{"Vol_mit":0.089989,"cytox_tot_tis":0.006239,"r_0":0.012052,"r_m":0.033923,"r_t":0.016807,"Distance":156.591414},"40":{"Vol_mit":0.09,"cytox_tot_tis":0.006239,"r_0":0.012054,"r_m":0.033877,"r_t":0.016808,"Distance":156.597037},"41":{"Vol_mit":0.09,"cytox_tot_tis":0.006231,"r_0":0.012052,"r_m":0.033976,"r_t":0.016799,"Distance":156.587432},"42":{"Vol_mit":0.089993,"cytox_tot_tis":0.006261,"r_0":0.012071,"r_m":0.033076,"r_t":0.016901,"Distance":156.68531},"43":{"Vol_mit":0.09,"cytox_tot_tis":0.006266,"r_0":0.012086,"r_m":0.032725,"r_t":0.016923,"Distance":156.74075},"44":{"Vol_mit":0.09,"cytox_tot_tis":0.00623,"r_0":0.012054,"r_m":0.033871,"r_t":0.016812,"Distance":156.59743},"45":{"Vol_mit":0.09,"cytox_tot_tis":0.006235,"r_0":0.012081,"r_m":0.032846,"r_t":0.016918,"Distance":156.724067},"46":{"Vol_mit":0.09,"cytox_tot_tis":0.006207,"r_0":0.012067,"r_m":0.033235,"r_t":0.016898,"Distance":156.670295},"47":{"Vol_mit":0.09,"cytox_tot_tis":0.006239,"r_0":0.012053,"r_m":0.033752,"r_t":0.016839,"Distance":156.606517},"48":{"Vol_mit":0.09,"cytox_tot_tis":0.006243,"r_0":0.012074,"r_m":0.033152,"r_t":0.016882,"Distance":156.684432},"49":{"Vol_mit":0.09,"cytox_tot_tis":0.006279,"r_0":0.012095,"r_m":0.032469,"r_t":0.016948,"Distance":156.784525},"50":{"Vol_mit":0.09,"cytox_tot_tis":0.006236,"r_0":0.012051,"r_m":0.033681,"r_t":0.01683,"Distance":156.608374}}
